dataset,key,GCF,AgWise,B4T,other_use_cases,n_use_cases,products,route,storage,hub_status,hub_record_url,lake_prefix,draft_record,verify_report,submission_issue,queue_status,priority,licence,proposed_lead,location,sources
CHIRPS v3 Daily Precipitation,chirps-v3-daily,x,x,x,,3,,,federated,published,https://cgiar-climate-data-hub.github.io/catalog/chirps-v3-daily/,,,,,Priority Data:in-progress,,,Andrés,https://huggingface.co/datasets/aaguilar90/chirps-v3-daily-rnl ; https://data.chc.ucsb.edu/products/CHIRPS/v3.0/daily/final/rnl/,tracker:Priority Data
CHIRTS-ERA5 Daily,chirts-era5-daily,x,x,x,,3,,,federated,published,https://cgiar-climate-data-hub.github.io/catalog/chirts-era5-daily/,,,,,Priority Data:todo,,,Andrés,https://data.chc.ucsb.edu/experimental/CHIRTS-ERA5/,tracker:Priority Data
Gridded livestock density for 2020 (GLW4),glw4-2020,x,,,,1,,,cdh,published,https://cgiar-climate-data-hub.github.io/catalog/glw4-2020/,s3://digital-atlas/cdh/data/glw4-2020/,,,,Priority Data:published,,,Brayden,https://data.apps.fao.org/catalog//iso/9d1e149b-d63f-4213-978b-317a8eb42d02,tracker:Priority Data
MAPSPAM 2020,mapspam-2020,x,,,,1,,,cdh,published,https://cgiar-climate-data-hub.github.io/catalog/spam2020/,s3://digital-atlas/cdh/data/mapspam2020-v2r2/,,,,Priority Data:published,,,Brayden,https://dataverse.harvard.edu/dataset.xhtml?persistentId=doi:10.7910/DVN/SWPENT,tracker:Priority Data
World Bank Admin Boundaries,wb-boundaries-gad,x,x,,,2,,,cdh,"in data lake, no record",,s3://digital-atlas/cdh/data/wb-boundaries-gad/,,,,Priority Data:in-progress,,,Brayden,,tracker:Priority Data
GLoFAS Flood Risk,jrc-glofas,,,,,0,,,federated,"in data lake, no record",,s3://digital-atlas/cdh/data/jrc-glofas-v2.1.2/,,,,Priority Data:in-progress,,,"Brayden,Pete",https://source.coop/nlebovits/jrc-glofas,tracker:Priority Data
AGERA5,agera5,x,x,,,2,,,federated,queued,,,,,,Priority Data:todo,,,Brayden,https://cds.climate.copernicus.eu/datasets/sis-agrometeorological-indicators?tab=overview,tracker:Priority Data
Aqueduct 4.0,aqueduct-4,x,,x,,2,,,cdh,queued,,,,,,Priority Data:todo,,,Brayden,https://files.wri.org/aqueduct/aqueduct-4-0-water-risk-data.zip,tracker:Priority Data
ESA WorldCover 2021 v200,esa-worldcover-2021,x,x,,,2,AgWise: ESA WorldCover 2021 v200 (cropland-fraction grid); GCF: ESA WorldCover (admin-summary product),derive-then-host,cdh,queued,,,,,,AgWise:todo; GCF:todo,AgWise:P2; GCF:P1,CC BY 4.0,CDH Core,https://registry.opendata.aws/esa-worldcover-vito/,agwise/data/ingestion-queue.csv; gcf-preparation-facility/data/ingestion-queue.csv
NexGDDP CMIP6,nex-gddp-cmip6,x,,x,,2,,,federated,queued,,,,,,Priority Data:todo,,,,https://www.nasa.gov/nasa-earth-exchange-nex/gddp/downscaled-climate-projections-nex-gddp-cmip6/,tracker:Priority Data
agwise-data / byliz-ai data_sourcing (tool),agwise-data-byliz-ai-data-sourcing,,x,,,1,,tool,federated,queued,,,,,,AgWise:todo,AgWise:P2 (tool),MIT,Alliance (AgWise),https://github.com/byliz-ai/data_sourcing,agwise/data/ingestion-queue.csv
AQUASTAT GMIA v5,aquastat-gmia-v5,x,,,,1,,mirror,cdh,queued,,,,,,GCF:todo,GCF:P1,"open (cite-as, Siebert et al. 2013)",IWMI,https://www.fao.org/aquastat/en/geospatial-information/global-maps-irrigated-areas/,gcf-preparation-facility/data/ingestion-queue.csv
CHIRPS v2.0 daily,chirps-v2-daily,,x,,,1,,federate,federated,queued,,,,,,AgWise:todo,AgWise:P1,"public domain (CC0, CHC)",CDH Core,https://data.chc.ucsb.edu/products/CHIRPS-2.0/global_daily/cogs/p05/,agwise/data/ingestion-queue.csv
Climate Watch (NDC content),climate-watch,x,,,,1,,federate,federated,queued,,,,,,GCF:todo,GCF:P2,CC BY 4.0 (Climate Watch data),CDH Core,https://www.climatewatchdata.org/,gcf-preparation-facility/data/ingestion-queue.csv
Copernicus DEM GLO-30,copernicus-dem-glo-30,,x,,,1,,federate,federated,queued,,,,,,AgWise:todo,AgWise:P1,Copernicus DEM licence (free; attribution ESA / Airbus / DLR),CDH Core,https://registry.opendata.aws/copernicus-dem/,agwise/data/ingestion-queue.csv
CropGrids,cropgrids,,,x,,1,,,federated,queued,,,,,,Priority Data:todo,,,,https://console.cloud.google.com/storage/browser/fao-gismgr-faostat-data/DATA/FAOSTAT/MAPSET/CG-HA,tracker:Priority Data
Cropland GHG Emissions,cropland-ghg-2020,x,,,,1,,,cdh,queued,,,,,,Priority Data:todo,,,,https://doi.org/10.6084/m9.figshare.29089973.v3,tracker:Priority Data
CSPD / CSPDxCF (Climate Security Programming Dashboard),cspd-cspdxcf,x,,,,1,,federate,federated,queued,,,,,,GCF:todo,GCF:P1,CC BY-NC 4.0,Alliance (CSO),https://www.cgiar.org/initiative/climate-security/,gcf-preparation-facility/data/ingestion-queue.csv
DHS Program (aggregate indicators),dhs-program,x,,,,1,,federate,federated,queued,,,,,,GCF:todo,GCF:P1,aggregate API open; microdata restricted,IFPRI / CDH Core,https://api.dhsprogram.com/,gcf-preparation-facility/data/ingestion-queue.csv
ECMWF SEAS5 (system 51) seasonal forecast,ecmwf-seas5-seasonal-forecast,,x,,,1,,federate,federated,queued,,,,,,AgWise:todo,AgWise:P1,Copernicus / C3S licence - verify on CDS dataset page,Alliance (AgWise) / CDH Core,https://cds.climate.copernicus.eu/datasets/seasonal-original-single-levels,agwise/data/ingestion-queue.csv
EDGAR / FAOSTAT emissions,edgar-faostat-emissions,x,,,,1,,federate,federated,queued,,,,,,GCF:todo,GCF:P1,CC BY 4.0,Alliance / CDH Core,https://edgar.jrc.ec.europa.eu/ ; https://www.fao.org/faostat/,gcf-preparation-facility/data/ingestion-queue.csv
FAO EX-ACT (tool),fao-ex-act,x,,,,1,,tool,federated,queued,,,,,,GCF:todo,GCF:P1 (tool),AGPL-3.0 (code); app login,Alliance / CDH Core,https://github.com/un-fao/exact-django-webapp,gcf-preparation-facility/data/ingestion-queue.csv
FAO FishStat - aquaculture value,fao-fishstat-aquaculture-value,x,,,,1,,derive-then-host,cdh,queued,,,,,,GCF:todo,GCF:P2,CC BY-NC-SA 3.0 IGO,WorldFish,https://www.fao.org/fishery/en/fishstat,gcf-preparation-facility/data/ingestion-queue.csv
FAO GLEAM / GLEAM-X (method),fao-gleam-gleam-x,x,,,,1,,tool,federated,queued,,,,,,GCF:todo,GCF:P3 (method),data CC BY 4.0 (GLEAM 3 dashboard ToU); code AGPL-3,ILRI / Alliance,https://foodandagricultureorganization.shinyapps.io/GLEAMV3_Public/ ; https://github.com/un-fao/GLEAM ; https://www.fao.org/gleam/dashboard/en/,gcf-preparation-facility/data/ingestion-queue.csv
FAO SDG 5.a.1 / 5.a.2 + Land Portal,fao-sdg-5-a-1-5-a-2-land-portal,x,,,,1,,federate,federated,queued,,,,,,GCF:todo,GCF:P1,FAO open terms,CDH Core,https://www.fao.org/sustainable-development-goals-data-portal/data/indicators/5a2-women-s-equal-rights-to-land-ownership/en,gcf-preparation-facility/data/ingestion-queue.csv
FEWS NET,fews-net,x,,,,1,,federate,federated,queued,,,,,,GCF:todo,GCF:P1,open (USAID; attribution),IFPRI / CDH Core,https://fdw.fews.net/,gcf-preparation-facility/data/ingestion-queue.csv
GAEZ v5,gaez-v5,,,x,,1,,,federated,queued,,,,,,Priority Data:todo,,,,https://console.cloud.google.com/storage/browser/fao-gismgr-gaez-v5-data/DATA/GAEZ-V5,tracker:Priority Data
GDL Subnational HDI / Area Database,gdl-subnational-hdi-area-database,x,,,,1,,derive-then-host,cdh,queued,,,,,,GCF:todo,GCF:P1,NC (non-commercial + attribution),CDH Core,https://globaldatalab.org/,gcf-preparation-facility/data/ingestion-queue.csv
geoBoundaries (gbOpen),geoboundaries,,x,,,1,,federate,federated,queued,,,,,,AgWise:todo,AgWise:P2,CC BY 4.0 (database); per-layer varies (e.g. CC BY-SA 2.0),CDH Core,https://www.geoboundaries.org/api/current/gbOpen/{iso3}/ADM{level}/,agwise/data/ingestion-queue.csv
Global Forest Watch,global-forest-watch,x,,,,1,,federate,federated,queued,,,,,,GCF:todo,GCF:P1,CC BY 4.0,Alliance / CDH Core,https://www.globalforestwatch.org/,gcf-preparation-facility/data/ingestion-queue.csv
IATI Registry / Datastore,iati-registry-datastore,x,,,,1,,federate,federated,queued,,,,,,GCF:todo,GCF:P1,open (per publisher),CDH Core,https://datastore.iatistandard.org/,gcf-preparation-facility/data/ingestion-queue.csv
iCLEANED (method),icleaned,x,,,,1,,tool,federated,queued,,,,,,GCF:todo,GCF:P3 (method),MIT (cleaned + icleaned repos),Alliance,https://icleaned.alliance.cgiar.org/ ; https://github.com/CIAT/icleaned ; https://github.com/CIAT/cleaned,gcf-preparation-facility/data/ingestion-queue.csv
IMF fiscal (Fiscal Monitor / GFS) via WB Data360,imf-fiscal-via-wb-data360,x,,,,1,,federate,federated,queued,,,,,,GCF:todo,GCF:P1,CC BY 4.0 via WB Data360,CDH Core,https://data360.worldbank.org/,gcf-preparation-facility/data/ingestion-queue.csv
INFORM Risk (global),inform-risk,x,,,,1,,federate,federated,queued,,,,,,GCF:todo,GCF:P1,CC BY 4.0 (EC Decision 2011/833/EU),CDH Core,https://drmkc.jrc.ec.europa.eu/inform-index,gcf-preparation-facility/data/ingestion-queue.csv
INFORM Subnational,inform-subnational,x,,,,1,,mirror,cdh,queued,,,,,,GCF:todo,GCF:P2,CC BY 4.0,CDH Core,https://drmkc.jrc.ec.europa.eu/inform-index/INFORM-Subnational-Risk,gcf-preparation-facility/data/ingestion-queue.csv
IPC / Cadre Harmonise,ipc-cadre-harmonise,x,,,,1,,federate,federated,queued,,,,,,GCF:todo,GCF:P1,CC BY-NC-SA 3.0 IGO,IFPRI / CDH Core,https://www.ipcinfo.org/,gcf-preparation-facility/data/ingestion-queue.csv
IPCC Emission Factor Database (EFDB),ipcc-emission-factor-database,x,,,,1,,derive-then-host,cdh,queued,,,,,,GCF:todo,GCF:P1,unclear - IPCC copyright,Alliance / CDH Core,https://www.ipcc-nggip.iges.or.jp/EFDB/main.php,gcf-preparation-facility/data/ingestion-queue.csv
iSDAsoil v0.13 (Africa),isdasoil-v0-13,,x,,,1,,mirror,cdh,queued,,,,,,AgWise:todo,AgWise:P2,CC BY 4.0 (per workflow catalog; confirm on provider / Zenodo page),Alliance (AgWise),https://www.isda-africa.com/isdasoil/,agwise/data/ingestion-queue.csv
Key Biodiversity Areas,key-biodiversity-areas,x,,,,1,,derive-then-host,cdh,queued,,,,,,GCF:todo,GCF:P1,"request-gated, NC",MFL / Mosaic (ask),https://www.keybiodiversityareas.org/kba-data,gcf-preparation-facility/data/ingestion-queue.csv
LandMark (Indigenous & community lands),landmark,x,,,,1,,derive-then-host,cdh,queued,,,,,,GCF:todo,GCF:P1,attribution + FPIC conditions,MFL / Mosaic (ask),https://www.landmarkmap.org/,gcf-preparation-facility/data/ingestion-queue.csv
Meta Relative Wealth Index,meta-relative-wealth-index,x,,,,1,,derive-then-host,cdh,queued,,,,,,GCF:todo,GCF:P1,CC0,IFPRI / CDH Core,https://dataforgood.facebook.com/dfg/tools/relative-wealth-index,gcf-preparation-facility/data/ingestion-queue.csv
"MODIS MOD13Q1 / MYD13Q1 v061 (NDVI, EVI)",modis-mod13q1-myd13q1-v061,,x,,,1,,federate,federated,queued,,,,,,AgWise:todo,AgWise:P2,no restrictions (LP DAAC),CDH Core,https://developers.google.com/earth-engine/datasets/catalog/MODIS_061_MOD13Q1,agwise/data/ingestion-queue.csv
NASA POWER ,nasa-power,,x,,,1,,,federated,queued,,,,,,Priority Data:todo,,,,https://nasa-power.s3.us-west-2.amazonaws.com/index.html,tracker:Priority Data
ND-GAIN Country Index,nd-gain-country-index,x,,,,1,,mirror,cdh,queued,,,,,,GCF:todo,GCF:P2,unclear - verify,CDH Core,https://gain.nd.edu/our-work/country-index/,gcf-preparation-facility/data/ingestion-queue.csv
OECD CRDF (Rio markers),oecd-crdf,x,,,,1,,federate,federated,queued,,,,,,GCF:todo,GCF:P1,CC BY 4.0 (from Jul 2024),CDH Core,https://www.oecd.org/en/topics/sub-issues/development-finance-for-climate-and-environment.html,gcf-preparation-facility/data/ingestion-queue.csv
OECD DAC CRS,oecd-dac-crs,x,,,,1,,federate,federated,queued,,,,,,GCF:todo,GCF:P1,CC BY 4.0 (from Jul 2024),CDH Core,https://data-explorer.oecd.org/,gcf-preparation-facility/data/ingestion-queue.csv
SoilGrids 2.0,soilgrids-2,,x,,,1,,federate,federated,queued,,,,,,AgWise:todo,AgWise:P1,CC BY 4.0,Alliance (AgWise) / CDH Core,https://www.isric.org/explore/soilgrids,agwise/data/ingestion-queue.csv
UNDP HDI,undp-hdi,x,,,,1,,mirror,cdh,queued,,,,,,GCF:todo,GCF:P2,CC BY 3.0 IGO,CDH Core,https://hdr.undp.org/data-center/human-development-index,gcf-preparation-facility/data/ingestion-queue.csv
WDPA / Protected Planet (overlay stat),wdpa-protected-planet,x,,,,1,,derive-then-host,cdh,queued,,,,,,GCF:todo,GCF:P1,"NC, no-redistribute",CDH Core (ask MFL/Mosaic),https://www.protectedplanet.net/,gcf-preparation-facility/data/ingestion-queue.csv
WHO/UNICEF JMP (WASH),who-unicef-jmp,x,,,,1,,federate,federated,queued,,,,,,GCF:todo,GCF:P2,CC BY-NC-SA 3.0 IGO (reports); data unstated,CDH Core,https://washdata.org/,gcf-preparation-facility/data/ingestion-queue.csv
World Bank IEG evaluations,world-bank-ieg-evaluations,x,,,,1,,federate,federated,queued,,,,,,GCF:todo,GCF:P1,CC BY 4.0 (+ WB attribution terms),CDH Core,https://ieg.worldbankgroup.org/,gcf-preparation-facility/data/ingestion-queue.csv
WorldPop Population,worldpop,x,,,,1,,,cdh,queued,,,,,,Priority Data:todo,,,Brayden,https://hub.worldpop.org/geodata/summary?id=99405,tracker:Priority Data
ACASA Data,acasa-data,,,,,0,,,,queued,,,,,,Priority Data:todo,,,,Contact ACASA,tracker:Priority Data
Adaptation Atlas Hazards,atlas-hazards,,,,,0,,,cdh,queued,,,,,,Priority Data:todo,,,,CGLabs internal server,tracker:Priority Data
Africa Drought Hazard,africa-drought-hazard,,,,,0,,,,queued,,,,,,Priority Data:todo,,,,https://iwmi.africageoportal.com/pages/africa-water-extremes~b146aa3448cb4e59baba76a52158275a,tracker:Priority Data
Africa Flood Risk,africa-flood-risk,,,,,0,,,,queued,,,,,,Priority Data:todo,,,,https://iwmi.africageoportal.com/pages/africa-water-extremes~b146aa3448cb4e59baba76a52158275a,tracker:Priority Data
AfriDischarge,afridischarge,,,,,0,,,,queued,,,,,,Priority Data:todo,,,,https://www.sciencebase.gov/catalog/item/65d758c4d34ec3e1801d7e02,tracker:Priority Data
Bio-oracle,bio-oracle,,,,,0,,,,queued,,,,,,Priority Data:todo,,,,https://erddap.bio-oracle.org/erddap/index.html,tracker:Priority Data
EcoCrop Thresholds,ecocrop-thresholds,,,,,0,,,,queued,,,,,,Priority Data:todo,,,,https://raw.githubusercontent.com/OpenCLIM/ecocrop/main/EcoCrop_DB.csv,tracker:Priority Data
FishBase,fishbase,,,,,0,,,,queued,,,,,,Priority Data:todo,,,,https://www.fishbase.se/search.php,tracker:Priority Data
Hydrosheds,hydrosheds,,,,,0,,,,queued,,,,,,Priority Data:todo,,,,,tracker:Priority Data
AgWise Climate API (Jemal) (tool),agwise-climate-api,,x,,,1,,tool,,deferred,,,,,,AgWise:deferred,AgWise:P1 (tool),TBC,Alliance (AgWise),,agwise/data/ingestion-queue.csv
Climate policy document registry (derived),climate-policy-document-registry,x,,,,1,,derive-then-host,cdh,deferred,,,,,,GCF:deferred,GCF:P3,UNFCCC / GCF terms (link + cite),Alliance / CDH Core,https://unfccc.int/NDCREG ; https://napcentral.org ; https://www.greenclimate.fund/resources/operational-documents,gcf-preparation-facility/data/ingestion-queue.csv
PRISM / prismpy (tool),prism-prismpy,,x,,,1,,tool,federated,deferred,,,,,,AgWise:deferred,AgWise:P2 (tool),MIT (per paper); LICENSE file absent in repo - verify,Alliance (AgWise) / CDH Core,https://github.com/izuku-franck1555/prismpy,agwise/data/ingestion-queue.csv
